offer_name,offer_start_date,offer_end_date,offer_validity
Broadway Infosys's Saraswati Puja Utsav 2079,2023-01-24,2023-01-26,Expired
Broadway Infosys's New Year 2023 Offer,2023-01-01,2023-01-01,Expired
Broadway Infosys's One Day Special Tihar Discount Offer,2022-10-20,2022-10-20,Expired
Broadway Infosys's Dashainma Dakshina Offer,2022-09-11,2022-09-30,Expired
Broadway Infosys's 15th Anniversary Offer,2022-07-28,2022-08-01,Expired
Broadway Infosys Announces Plus Two-Exclusive Offer!,2022-06-22,2022-07-06,Expired
Broadway Infosys's New Year 2079 Offer!,2022-04-11,2022-04-18,Expired
Broadway Infosys Saraswati Puja 2078 Offer!,2022-02-06,2022-02-06,Expired
Broadway Infosys New Year 2022 Offer!,2021-12-28,2022-01-07,Expired
Broadway Infosys Announces Tihar-Chhath Offer 2078!,2021-10-22,2021-11-11,Expired
